ID	Description	GeneRatio	BgRatio	pvalue	p.adjust	qvalue	Count	geneID
dme00480	Glutathione metabolism - Drosophila melanogaster (fruit fly)	9/229	27/2124	0.00137976468974645	0.0341491760712247	0.0323155414177459	9	FBgn0001149, FBgn0010226, FBgn0004654, FBgn0001248, FBgn0025837, FBgn0035438, FBgn0040319, FBgn0039640, FBgn0004057
dme04142	Lysosome - Drosophila melanogaster (fruit fly)	16/229	63/2124	0.000689793440661503	0.0227631835418296	0.0215409179715347	16	FBgn0024833, FBgn0032264, FBgn0033763, FBgn0034997, FBgn0262736, FBgn0024320, FBgn0041630, FBgn0041629, FBgn0030452, FBgn0030141, FBgn0013770, FBgn0035767, FBgn0027779, FBgn0035102, FBgn0285910, FBgn0028662
dme04145	Phagosome - Drosophila melanogaster (fruit fly)	13/229	39/2124	0.000118849218735578	0.0058830363274111	0.00556714761445601	13	FBgn0000042, FBgn0004657, FBgn0003884, FBgn0284243, FBgn0015622, FBgn0262736, FBgn0005671, FBgn0013770, FBgn0027779, FBgn0263598, FBgn0262511, FBgn0285910, FBgn0028662
dme04391	Hippo signaling pathway - fly - Drosophila melanogaster (fruit fly)	12/229	45/2124	0.00207101741779448	0.0410061448723308	0.038804326354465	12	FBgn0000042, FBgn0038965, FBgn0026192, FBgn0000547, FBgn0001235, FBgn0032230, FBgn0002121, FBgn0000163, FBgn0263289, FBgn0004583, FBgn0001075, FBgn0011648
dme04814	Motor proteins - Drosophila melanogaster (fruit fly)	17/229	56/2124	4.13785512622891e-05	0.00409647657496662	0.00387651690773024	17	FBgn0000317, FBgn0000042, FBgn0010235, FBgn0004169, FBgn0086347, FBgn0003884, FBgn0002938, FBgn0284243, FBgn0026059, FBgn0001308, FBgn0040228, FBgn0004381, FBgn0034022, FBgn0019968, FBgn0004380, FBgn0260639, FBgn0052137
