ID	Description	GeneRatio	BgRatio	pvalue	p.adjust	qvalue	geneID	Count	Type
GO:0030312	external encapsulating structure	16/179	105/5397	2.60325292985929e-07	5.1544408011214e-05	4.76806326100544e-05	Col4a1, Cpr73D, CG15570, obst-J, ck, Cpr47Ee, dsx-c73A, Cpr50Cb, dpy, frac, Cpr49Aa, Cpr65Eb, Cpr67Fb, prc, Cpr67B, Mur89F	16	CC
GO:0062129	chitin-based extracellular matrix	9/179	40/5397	4.46996826945792e-06	0.000357881525419085	0.000331054680610956	Cpr73D, obst-J, Cpr47Ee, dsx-c73A, Cpr50Cb, Cpr49Aa, Cpr65Eb, Cpr67Fb, Cpr67B	9	CC
GO:0031012	extracellular matrix	14/179	102/5397	5.42244735483462e-06	0.000357881525419085	0.000331054680610956	Col4a1, Cpr73D, obst-J, Cpr47Ee, dsx-c73A, Cpr50Cb, dpy, frac, Cpr49Aa, Cpr65Eb, Cpr67Fb, prc, Cpr67B, Mur89F	14	CC
GO:0005576	extracellular region	24/179	293/5397	2.97759506332801e-05	0.00147390955634737	0.00136342510794493	Col4a1, Np, Spn42De, obst-J, ck, CG12009, GXIVsPLA2, Spn28F, Spn42Da, CG43896, dsx-c73A, CG14607, Npc2a, CG8192, CG3108, Cht5, NLaz, CG9095, CG18304, Cpr67Fb, CG9733, Fkbp14, Mur89F, Pvf1	24	CC
GO:0016324	apical plasma membrane	8/179	65/5397	0.00125456015711935	0.0496805822219264	0.0459565194397405	Np, Inx2, Cln3, rst, wkd, stan, m, Ser	8	CC
