ID	Description	GeneRatio	BgRatio	pvalue	p.adjust	qvalue	Count	geneID	genename
dme00480	Glutathione metabolism - Drosophila melanogaster (fruit fly)	9/230	27/2128	0.00140500663096584	0.0347739141164045	0.0329067342515683	9	FBgn0001149, FBgn0010226, FBgn0004654, FBgn0001248, FBgn0025837, FBgn0035438, FBgn0040319, FBgn0039640, FBgn0004057	GstD1, GstS1, Pgd, Idh, CG17636, PHGPx, Gclc, CG14516, Zw
dme04142	Lysosome - Drosophila melanogaster (fruit fly)	16/230	63/2128	0.000709651945165043	0.0234185141904464	0.0221610607437505	16	FBgn0024833, FBgn0032264, FBgn0033763, FBgn0034997, FBgn0262736, FBgn0024320, FBgn0041630, FBgn0041629, FBgn0030452, FBgn0030141, FBgn0013770, FBgn0035767, FBgn0027779, FBgn0035102, FBgn0285910, FBgn0028662	AP-1mu, Lip4, CG8646, CG3376, Vha16-1, Npc1a, Hexo1, Hexo2, MFS10, Gga, Cp1, Cln7, VhaSFD, CG7049, VhaAC39-1, VhaPPA1-1
dme04145	Phagosome - Drosophila melanogaster (fruit fly)	13/230	39/2128	0.000122018407747228	0.00603991118348777	0.00571559909973856	13	FBgn0000042, FBgn0004657, FBgn0003884, FBgn0284243, FBgn0015622, FBgn0262736, FBgn0005671, FBgn0013770, FBgn0027779, FBgn0263598, FBgn0262511, FBgn0285910, FBgn0028662	Act5C, mys, alphaTub84B, betaTub56D, Cnx99A, Vha16-1, Vha55, Cp1, VhaSFD, Vha68-2, Vha44, VhaAC39-1, VhaPPA1-1
dme04391	Hippo signaling pathway - fly - Drosophila melanogaster (fruit fly)	12/230	45/2128	0.00211668915890491	0.0419104453463173	0.0396600705563236	12	FBgn0000042, FBgn0038965, FBgn0026192, FBgn0000547, FBgn0001235, FBgn0032230, FBgn0002121, FBgn0000163, FBgn0263289, FBgn0004583, FBgn0001075, FBgn0011648	Act5C, mats, par-6, ed, hth, lft, l(2)gl, baz, scrib, ex, ft, Mad
dme04814	Motor proteins - Drosophila melanogaster (fruit fly)	17/230	56/2128	4.27802664294494e-05	0.00423524637651549	0.00400783548654842	17	FBgn0000317, FBgn0000042, FBgn0010235, FBgn0004169, FBgn0086347, FBgn0003884, FBgn0002938, FBgn0284243, FBgn0026059, FBgn0001308, FBgn0040228, FBgn0004381, FBgn0034022, FBgn0019968, FBgn0004380, FBgn0260639, FBgn0052137	ck, Act5C, Klc, up, Myo31DF, alphaTub84B, ninaC, betaTub56D, Mhcl, Khc, DCTN5-p25, Klp68D, CG12964, Khc-73, Klp64D, gammaTub23C, CG32137
