ID	Description	GeneRatio	BgRatio	pvalue	p.adjust	qvalue	geneID	Count
GO:0006334	nucleosome assembly	5/67	11/4951	1.6933741681567e-07	0.00015172632546684	0.000149016926797789	His4:CG33909, His1:CG33864, His3:CG33866, His1:CG33861, His2A:CG33865	5
GO:0034728	nucleosome organization	5/67	19/4951	3.9190211587619e-06	0.00175572147912533	0.00172436930985524	His4:CG33909, His1:CG33864, His3:CG33866, His1:CG33861, His2A:CG33865	5
GO:0065004	protein-DNA complex assembly	5/67	30/4951	4.28026265361931e-05	0.012783717792143	0.0125554371172833	His4:CG33909, His1:CG33864, His3:CG33866, His1:CG33861, His2A:CG33865	5
GO:0030162	regulation of proteolysis	7/67	89/4951	0.000173323387330239	0.0288481700553212	0.0283330241614762	POSH, RnrS, Cp1, Diap1, Spn88Ea, Diap2, Spn38F	7
GO:0052547	regulation of peptidase activity	4/67	22/4951	0.000186557647332406	0.0288481700553212	0.0283330241614762	RnrS, Cp1, Diap1, Diap2	4
GO:0045861	negative regulation of proteolysis	4/67	23/4951	0.000223543406885684	0.0288481700553212	0.0283330241614762	Diap1, Spn88Ea, Diap2, Spn38F	4
GO:0071824	protein-DNA complex subunit organization	5/67	42/4951	0.000225376328557197	0.0288481700553212	0.0283330241614762	His4:CG33909, His1:CG33864, His3:CG33866, His1:CG33861, His2A:CG33865	5
