ID	Description	GeneRatio	BgRatio	pvalue	p.adjust	qvalue	geneID	Count	Type
GO:0030312	external encapsulating structure	16/175	106/5406	2.12905808270644e-07	4.10908209962343e-05	3.7874822734462e-05	Col4a1, Cpr73D, CG15570, obst-J, ck, Cpr47Ee, dsx-c73A, Cpr50Cb, dpy, frac, Cpr49Aa, Cpr65Eb, Cpr67Fb, prc, Cpr67B, Mur89F	16	CC
GO:0062129	chitin-based extracellular matrix	9/175	40/5406	3.65777056253784e-06	0.000295023512874687	0.000271933317021118	Cpr73D, obst-J, Cpr47Ee, dsx-c73A, Cpr50Cb, Cpr49Aa, Cpr65Eb, Cpr67Fb, Cpr67B	9	CC
GO:0031012	extracellular matrix	14/175	103/5406	4.58585771307803e-06	0.000295023512874687	0.000271933317021118	Col4a1, Cpr73D, obst-J, Cpr47Ee, dsx-c73A, Cpr50Cb, dpy, frac, Cpr49Aa, Cpr65Eb, Cpr67Fb, prc, Cpr67B, Mur89F	14	CC
GO:0005576	extracellular region	24/175	275/5406	6.7143996061049e-06	0.000323969780994561	0.000298614087745191	Col4a1, Np, Spn42De, obst-J, ck, CG12009, GXIVsPLA2, Spn28F, Spn42Da, CG43896, dsx-c73A, CG14607, Npc2a, CG8192, CG3108, Cht5, NLaz, CG9095, CG18304, Cpr67Fb, CG9733, Fkbp14, Mur89F, Pvf1	24	CC
GO:0005615	extracellular space	14/175	175/5406	0.00147686111353357	0.0493903540210698	0.0455247877259928	Col4a1, Np, Spn42De, Spn28F, Spn42Da, Npc2a, CG3108, Cht5, NLaz, CG18304, Cpr67Fb, CG9733, Fkbp14, Pvf1	14	CC
GO:0016324	apical plasma membrane	8/175	69/5406	0.00159109975940509	0.0493903540210698	0.0455247877259928	Np, Inx2, Cln3, rst, wkd, stan, m, Ser	8	CC
GO:0045177	apical part of cell	12/175	140/5406	0.00179135999040149	0.0493903540210698	0.0455247877259928	Np, Inx2, ck, mud, dsh, Cln3, rst, brat, wkd, stan, m, Ser	12	CC
